comment,label
duma,1
T thấy t ế vs độc thân may mắn quá bây ơi 🤣🤣,0
còn dầu ăn k em ship vào nhà cho???,0
HONG VU NAY CHUA,0
tưởng mình tao vs mày để ý chai dầu còn có 1 nửa chứ,0
Nên diệt bọn lẩu gà. Tác nhân chính lây lan HIV,1
Nhục tới cuối đời luôn ấy chớ,0
"""Mua bán diêm là phạm pháp rồi, đã phạm pháp thì ko việc gì phải censor =))""",0
T là con trai giờ mới biết gu mấy ô mặn thật 🤣 chắc do T kén quá chăng,0
Mấy ngày nay mình thấy rần rần . Mình ko tin nổi mình nghĩ họ giỡn thôi đúng ko mọi người,0
Nên cong khai hết nhé...vì bệnh nhiễm này kia còn kiếm soat dc,0
"""Iồn má chất v """,0
đụ má jet quá cốt guộc ơi,0
Lònnn má đĩnhhhh vậy có đèn thật kìa,1
đù mắ cốt guột jet v,1
"""yay, từ nay bạn trai cũ của tôi là mẹ kế của tôi, thật tuyệt =))))))""",1
"""Đồng tính? Con gái? Bạn trai cũ của con gái là chồng??? Mẹ kế của con gái là ex????????""",1
"""Anh bạn trai cũ: Tôi không có đc em thì phải có đc bố em! =))))))))))))))))))))))))))""",0
sau khi chia tay anh sẽ ko bao giờ yêu người con gái khác :))),0
:))) khi con gái phải gọi bạn trai cũ là ba :)),0
My boyfriend is my mom? 😀 This is so fked up,0
Rồi từ con gái lại thành ngyeu cũ của chồng ????,0
 mẹ kế phiên bản nam :)))),0
"""Team ăn mặn và quả cua khét lẹt cháy phanh. Chuyện đó có ai ngờ. Thôi thì """"mãi mãi"""" là 32 năm cũng khá là lâu rồi""",0
Trên đời này cái mẹ gì cũng có thể xảy ra,0
em là người phụ nữ cuối cùng của anh...,0
 tình con duyên bố =)) biết đâu chia tay xong Tony thẳng lại rồi yêu con gái ông này,0
" biết đó, rất nhiều điều ngang trái trong 1 bức ảnh :))""",1
Chắc là trai trẻ thì sung sức hơn chăng? 🙂,0
Không làm chồng em thì làm mẹ em = )),0
Má tỷ phú quậy cũng rối hơn người bình thường,0
Bẻ cong thành công hay do ông chú giàu vleu :))))),0
Lại bảo không yêu vì tiền đi 😩,0
Lãnh tình con duyên bố à =)),0
Ở Mỹ thì có gđ Kim 😀,1
Nước đi hay đấy 🙂🙂,0
nghe vô lí nhưng rất thuyết phục 😂,0
sáng ra rối não vỡi :v,0
đọc cái caption cũng muốn loạn não :) sau này đừng v nha shema.. :),0
"""Bạn trai cũ trở thành mẹ kế, tội em gái vl =)))""",0
32 năm còn toang bu em ạ =)),0
hông biết nói gì lun ó...,0
nhà em giàu nên anh lấy bố em,1
è xã hội lắn mqh lạ kì nè,0
Tẹt vời,0
một chút drama cuối ngày,0
Ủa z rốt cuộc là cha hay là bà dì ghẻ 👨‍❤️‍💋‍👨,0
t thấy chồng cũ đẹp hơn mà?? 😃,0
phuk tạp quá,0
Éo biết nói,0
cuộc sống đéo ai ngờ,0
 :) anh ko thể làm chồng em thì làm bố em,0
ko làm dc chồng em thì anh làm mẹ em?,1
xung quanh ta nhiều điều hay,1
Đọc cái tittle muốn xoắn não,0
32 năm đó trời 😢,0
thật bất ngờ 😱,0
ngộ lạ quá nè,0
tam quan sụp đổ,0
mấy chuỵ!!! Là sao mấy chuỵ 😂,0
dị v l,0
Nghĩ mà chán 😑😑😑,0
uạaa là s,0
"""Ok! Chia tay trên giấy tờ, nhưng thực tế là gia nhập thêm 1 người vợ""",1
Cuộc đời thật thú vị😌,0
J ngộ vậy,0
Hây mọi người có thể dừng gọi cậu bạn trai cũ bằng mấy danh xưng của phụ nữ được hông 🙂,0
Hơi quằn =))))))),0
Trịnh Hoàng Mai Nhi Phạm Hải My mọi thứ cứ tưởng màu hường cho đến khi kết thúc,0
:)),0
Mặn vậy r ai chơi lại 😳,0
Tuesdayyyy,0
???,0
đau đầu =))))))))))))),0
Ơ,0
Drama vcl😂,0
Buồn. :(,0
Vãi cả lồ,0
1 moi quan he phuc tap,1
Ơ,0
Oi vcl,1
bệnh vl :)),0
vcđ -__-,0
đọc comment 😌,1
Vl:)),1
:))) ngộ ha,1
tao vừa đọc cái lol j v =.=,0
I'm dead :)))))),1
?????? :D,0
quằn ta :)),1
"""Ngu, thằng này rõ ràng muốn đào mỏ, đào con ko đc qua đào cha.""",0
khó chịu vc,0
đọc cmt,0
lạ lol dị,0
Ơ kìa =))))) ,1
toang,0
gắt :)),1
:Đ,0
 dượng ơiii,0
vãi lonnnnnn,0
ơ :)),0
tức,0
cái đcm,1
 ??,0
 drama vl,0
hề hước,1
 mặn,0
Vlon :(((,1
làm cha !,0
chửi xong mốt phải gọi bằng bố ta nó nhục gần chết,0
Vl cẩu huyết,1
mặn quá kh tốt cho sức khỏe,0
Quằng z,0
bùng binh :),1
lè,0
Cha vs con mút chung que kem đây là 1 câu truyện buồn 😢😢,0
:))) ngộ hén,0
Ông kia chắc tính đào mỏ con gái kh đc quay ra chơi ông bố,0
đứa con gái nhìn mặt bạn trai cũ nó trong nhà đã đau vl rồi còn phải bị gọi là dad hay mom cơ ạ dkm=)))))),1
nhức đầu quá,0
Cái quái gì cũng có thể xảy ra -))),0
ứ cấn cấn sao đó,0
Tình con duyên ba :))),0
bạn trai cũ của tôi là mẹ kế tôi,0
hack não ghê ;)),0
Thật là điên rồ...,0
cuoi ia :)))))),0
Oan nghiệt,0
Tởm,0
Duiiii,0
:) đm,0
ok..,0
"Đ** hiểu luôn, tụi này được nuôi dạy kiểu gì.				",0
Nhìn phát là biết loại rác rưởi.				,0
Mày chỉ biết ngồi đó mà chê người khác.				,1
Loại đó chỉ biết gào thét như chó dại.				,0
Parky chó				,1
Parky lắm trò				,1
"Đụ mẹ, viết như loz vậy.				",0
"Đm, app gì như cc				",1
Nhìn là biết bắc kỳ				,1
Chỉ có bắc kỳ mới mất dạy  v				,1
Ai mất dạy như bắc kỳ				,1
Đúng là bọn lẩu gà bình thuận				,1
Bọn vai gãy				,1
Cháy go				,1
Nên diệt bọn lgbt				,1
Nhìn phát bt dân thanh hóa				,1
Mỏ này chỉ giỏi buscu thôi				,1
xàm lol				,1
bọn nunglol				,1
"Vãi cả cứt, đọc xong muốn out app.				",1
Người miền Bắc ăn nói mất dạy thật sự.				,1
Đàn bà thì chỉ nên vào bếp,1
con nít coi đc ảnh hưởng tâm lí sao tr bọn lẩu này,1
Tởm vc ra sao lại chiếu thể loại này cho trẻ con n xem😡,1
Phim như c,1
Gì mà gớm thời gì rồi mà còn kì thị người ta sao nầy còn em mình mắc phải thì sao,1
Phim gay cấn quá,1
Kéo hiểu Việt Nam làm mấy bộ phim nay nhà nước cho phép ha,1
Cái đell jz tr,1
Xin tên phim với ạ,0
Bà nội ơi Nắng khuya mà t đọc nhanh thành Nắc khuya 🤣🤣,1
Cdm tục z ba,0
Đúng là 1 câu chuyện cảm lạnh đến vãi cả cứt,1
Ý là mấy ông này ngoài đời cũng gay hả . Sao đóng đc thật zậy mấy mẹ. Kinh vch,0
Xh bây giờ chiếu công khai mấy thể loại này bởi tụi trẻ thành trào lưu,0
Tác giả kím sao đc diễn viên hay vậy,1
Cái qq gì vậy trời,1
Gom qua,1
Ko có kì thị ai nhưng làm phim như vậy sẽ ảnh hưởng đến sự tò mò của giới trẻ và sẽ sanh ra nhiều tiêu cực.,0
Hiện tại tui đứa có vk và hai con trai..s cứ lướt thấy mấy clip này,0
Phim gay cấn quá đi,1
phim sex còn lịch sự hơn,0
Phim trong có chán Ko,0
Toàn mấy cái tào lao đưa lên,0
Trùm phim gay,1
Ỷ Thiên Kiếm đấu với Đồ Long Đao à 😎😂,0
Ý là lúc đầu tưởng qua xin tắm ké rồi ăn trựt cơm luôn ai ngờ má ơi😇😇😇,0
Tập mấy vậy ạ,0
t đaq xem cai deo gi vay..,1
Tốn tiền 5g quá =))),0
Xem bẩn mắt phim lon,0
Má nó t đag xem jz,0
Càng xem càng cuốn vậy ta,1
Vô phúc lắm mới xem trúng video này .cmcm,0
2 cha đóng xong nhìn lại chắc oẹ chớt,1
Vãi l 🙂,1
Phim hơn chục năm rồi người ơi :)))) chị hồng là gì,0
Điện ảnh VN hay..có thể ra đc thể loại pim này.,1
Phim không dành cho con nít trẻ em dưới 18,0
Tr ơi 2 ảnh bạoooo. 😆,1
Toét cả đíc mà n đéo yêu 🤣,0
Quan hệ kiểu nào trời,0
Ai nhột thì t chịu chứ... t thấy muốn ói quá bây 🫣,0
Phim gì gay cấn dữ vậy,0
Đoán nhẹ 2 ah tên Lê và Sơn 🤡💧,1
đụ mẹ đấu kiếm à,0
Phim như cc.kiểm duyệt như nào lại để mấy thằg gay này làm phim hỏng hết thế hệ trẻ.phải như Trung Quốc kia kìa cấm mấy phim ẻo lả,0
"Phim như cc địt bố chúng m _x000D_
Làm ảnh hưởng bọn trẻ con",1
Ăn chuối cho mượt ass à,0
Cho chim ăm cức à,1
Con me tui bay lu do day,1
Tởm vãi cả long,1
vãi l,1
Cl gì v tr,1
Chỉ có con trai mới đem lại hạnh phúc cho nhau thôi 😂😂,1
bạn jv ạ 🥰,1
cái deo gi vay tr???,1
t dag coi deogvtr,1
biết nảy coi phim sẽ được rồi vô lướt fb chi hong biết🥲,0
Bạn gì kì vậy trời,0
GAY cấn vậy trời,1
Nay lướt mạng vậy đủ rồi,1
 t lỡ mù r,0
T đang coi cái j zậy :),0
Chi Hồng vn,1
Hơn cả phim set,0
Moá nó chứ :( phang zô đích ầm ầm mà nó kêu chỉ coi là bạn :)),0
2 ôg đóng phim sao giấu tui v,0
? phim cc j v,0
Cái lồn má làm phim biến chất biến thái vậy.,0
Bệnh hoạn vậy cũng chiếu,1
Dm diễn viên cũng gan quá nhỉ hay bd thật,0
chắc xoá fb,1
Xem con hơn phim kinh di,1
Kinh tởm,0
Gớm vậy,0
qua nhà tui ăn cơm,0
Kết Lam bị xe tông chết🥲🥲. Buồn,0
Thoại hoang dã dữ d mấy cha =)))))))))),0
Đụ cl má,0
xạo xạo muốn t ịch thì nói đi🗿🗿🗿🗿🗿🗿🗿🗿👽👽👽👽😇😇😇😇😇😇😇😇,0
Đu ma cha phim việt nam ô nhục vải 🤣,0
ban đầu xem thấy ghê vl. Tí tì nôn 😆😆,0
=)))))) phim thấy ghê,0
Kết Phim như L,1
vô phúc vãi l,1
ê ghê nha ba ;)),1
Sợ cái thứ mà bóng chê bóng á,1
Dmm chúng mx phim như lồn,0
Tao coi cái loz gì vậy trời,1
Đéo cái loz tét bét coi là ban .mât day,1
đoán vội admin là gay,0
Nhận thức về giới tính của t bị phá vỡ hoàn toàn nhờ bộ phim này:)),0
 chỉ xem là bạn :'))),1
 m tưởng m là cái gì quan trọng trong xã hội lắm chắc ,1
tao coi gii dạ,1
Clm Hồng Tỷ là đã đủ lắm r :))),0
Clm. Phim này cũng đc sản xuất hã,0
 phim gì mà thẳng thắn quá,0
K biết 2 a có dùng biện fap tránh thai nào k chứ đục suốt k có bầu à ta 🥹,1
cdm phim tục,0
Còn thứ mà bóng mà gồng nói là trai thẵng thấy trai lòi đuôi ra ,1
Eoo oii cái phimm,1
Dụ má:)),0
Clm thấy gớm,0
Yêu cái lồn địt mẹ phim xúc phạm người xem,1
Boy love Việt Nam -)),0
Fb t này toàn cl gì ko z,0
Súcccc vậtttt đạo diễn,1
phim chục năm r,1
Mấy ba mấy má nuôi con ko tự quản con mình đi còn muốn xh quản dùm hả:),1
Hay v hong lẽ coi một mình,0
có 2 ông anh lớn thích thể loại này 😌,1
nhà e cúp điện rùi tối e wa nhoa a 😄,1
 phim VN cx k tha🙏🏻,0
quá nguy hiểm🤡,0
Phim sẽ còn lịch sự hơn,0
Xin tên phim,0
Phim này súc vật xem,0
Phim dành cho mấy tk lgbt,0
 nữa nè mom,0
tao chắc phải cạn phước lắm mới lướt được cái vid này,0
Biết thế đéo vào fb,0
Dmm mới sáng,1
Thấy mik cx ấy ấy phim cx cuốn cuốn,0
chúc ông có một buổi sáng vui vẻ,0
kìa m boi love của m này,0
Bệnh hoạn vl,1
ĐM TAO ĐANG XEM CÁI LOL GÌ VẬY TRỜI 😳😳😳😳,1
svat phim,0
Ngọc Giàu rất gì và này nọ,0
Xui lắm mới lướt trúng vl thiệt chứ,0
Ngọc Nhi phim cỡ này,1
Đoàn Trường Khánh Giang nghe ns dạo này e đang tìm phim để xem.,1
sao thằng trong video giống m v Minh Phú,1
Cái cốt đàn ông gặt nó thik mép ngàn đời ko đổi máu duox,0
Duma tui may,1
Phim xàm l,0
đống tiền mạng nó cho coi mấy cái cc này nè,0
Chị Hồng TQ phiên bản ngược hả,0
 fb tao toàn mấy cha gớm chết,0
Cái đìn dit gì v,1
 Đụ má t đang coi cái gì vậy trời,1
Hơn cả phim sex,1
1 lần sẻ ghiền,0
hình phạt cho người giờ này chưa chịu ngủ,0
chang tha song dung gioi tinh cua minh ma tot- hanh phuc - con hon song guong ep lam,1
Cạn phước lắm mới thấy video này,1
 phim VN bám sát thực tế hơn tung của nhiều,0
hình phạt cho kẻ ngủ đến 11h trưa à 🥲,0
Duma phim gì ghê vậy bay 🥵,0
Ác mộng trời má ơi,0
Dcm cặn bã xã hội đồi truỵ tuỵ lạc vcl,0
Phim gì dãy,0
 đang hot,1
vãi cak,1
Sáng sớm vô phước lắm mới xe được clip này 😀,1
xem thấy cuốn quá,1
ghiền quá,0
Coi cc gì vậy trời :)),0
Nam ko ra nam,1
Duma vai gãy🙂,0
Bảo sao bị kì thị:)),0
 nay nhà em cúp nước.. Em dẫn thêm 2 thằng bạn qua nhà Anh tắm ké nha,0
cái j nè e ơi =))),1
phim gay cấn sẽ là một bộ phim thành cong,1
 nay moi tham=)),1
vn sản xuất dk cái phim loz này à xem ghê vcl,0
Tự nhiên xem thấy cũn thích thích🤡,0
film bốc quá :)),0
Chưa gì thấy tốn nữa tháng tiền mạng 🤡,1
Tình cảm đến vãi cả cứt:))),0
Giống y cái phim hotboy nổi loạn ngày xưa :),1
cái j x mad,0
phim hay nè,0
Trr nềk,1
cdm thể loại đ gì vậy:))),1
clm ớn vậy cha,0
t thấy m cũng phải thấy🗿,0
Xin tên phim,0
1 ngày tồi tệ khi thấy đường,0
Thành Lợi cha ơi cha,1
vlon hậu quả của việc thức khuya à,1
Film VN xưa tục z😂,0
Mà hồi xưa vn theo cái style mỹ,0
Khó coi quá vậy:)),0
t gi v,0
 quý lắm mới tag coi đó má:)),1
 anh với ảnh đã lmj ?,0
 xem thấy thích thích,0
  I cant stand being far away from u:)),1
t thấy tụi bay cũng phải thấy,0
thèm ịch thì nói đại đi em🥰,0
Say miến tây là saygex miền tây à,0
Tàii phim hay nè bạn t5 tuần ae mình coi chung,0
Lê và Sơn hả ad,0
Clm sao lướt gặp trúng cái video này vậy :))) ,0
 Nhà Hiếu có bị cúp nước không ??,0
mở bát như l luôn mà,1
Ác,1
 phim saygex,0
J nx vậy wtf hỏng não t,0
 ghiền k anh,1
 m coi nó hiện qua t ha j z,0
Cú sốc 5h sáng:),1
coi là bạn mà z đó hả,0
 duma e thấy a cũng phải thấy,1
đừng nghĩ tới nha m,0
Siang mas,0
hay vậy ta,0
đang bón coi xong tiêu chảy luôn,0
hẹ hẹ đm,0
muốn thì nói đi,1
càng coi càng cuốn ne,0
Làm quả lọ thôi nào ae,0
má cái đ gì v tròi,0
sao càng xem càng thích vậy nhỉ,0
biết thế ngủ cho rồi thức 7h làm gì ko biết,1
cú sốc lúc 23:31🥰,0
Kinh tỡ,0
Omg ạ,1
Ghê quá má,1
Ủa ông trái giống ck bà viên vậy,0
 coi r rì viu giùm vs bà,0
 muốn thì nói,0
gio tới e ne,0
Cuốn qá ta  nào mấy ae thân làm thử đi,0
 cỡ đó rồi mà còn bảo là bạn,0
Tui thấy bệnh hoạn sao ấy,0
Á má ơi,0
Gớm vl,0
"Fb t nay bị lm sao ấy_x000D_
Thấy hoài lun🥲",0
Bộ phim bệnh nhất năm,0
thử b,0
Clm tốn tiền mạng để lướt ngây mấy phim loll này à🤮,0
tao quá sai khi mới sáng sớm đã lướt fb :((,0
moé biết thế nghe lời ny đi ngủ sớm ☺️,1
Mé t đang xem cái thể loại gì đây,0
 đòi làm hoài zi,0
xem đi ku,0
gớm vcl,1
Má thằng dao diễn làm mấy cái phim bệnh hoan,0
 lạn trên giường hay trò chơi qua đường😀?,0
gay chế độ cũ,1
cảm giác này sao ta khó tả hay dễ tả 🤔,0
gay real hay diễn v 🐧,0
hơn hai ông bố chưa,1
Nguyễn Điền Gia tr oi méeeeeeee,1
Vãi lồn,0
b iu đừng thế nhé t sợ đau đíc lắm 😞,0
Mỹ Hạnh a thấy e cũng phải thấy :)),0
Ê nhe ê :))) động lực nào khiến Huỳnh như xem hết dị,0
nói tí bọn lẩu vô cắn táp táp:)),0
 kakak cười ỉa,0
Bạn tôi bị mù cần kím tên phim Nguyễn Minh Trí,1
Kinh tởm vkl,0
Chỉ có Q4 mới có chung cư xác cầu,0
Ghê dcd,0
cạn phước lắm rồi,1
hết phước,0
Hải Đăng Vũ 2 ông bạn già,0
Diễm Trinh thô quá bé uiii,1
vãi lồn,0
tha t với,0
rất chi là ấy nhé,0
Khôi Nguyễn ê t cũng hết nc r,0
t thấy m cx phải thấy Truong Minh Phat,0
Xuan HieuPhạm Tank coi như t mù,0
đã nhen,1
Nguyễn Trung Hiếu rửa mắt bro,0
Jin Ntxp đấy đúng kiểu m hay xem k 🥰,0
Quoc Anh cai djt me may,0
Má choáy quá choáy,0
Má đang an cơm vừa xem chua đc 30giay ói ra hết,0
Tra Mi Vu ôi b ơi=))),0
Cái lồn má con cặc gì z,0
 cổ xuý bọn trẻ con LGBT à =))))))) hỏng hết 1 thế hệ,0
Đầu đất vc,1
T dang xem cjv,0
Đù má,0
ĐM rồi khúc đấu kiếm của tao đâu 🐦🗡️🐦🤣,0
Trần Thanh Duy Quoc Thai xao xao,1
"Một Cước Là Nằm "" xao xao",1
Coi nhất làm gì nè Tuấn Em Văn Nhấtn,1
mé chọt lỗ đýt nhau ak,0
Châu Ngọc Hiếu nhưng t lỡ yeu m r:))),1
Ánh Dương hay quá,1
:)) têm phim đâu ném đây để cày nào,0
Banh nè banh nè banh nè,0
Chí Linh t thấy r thì m cũng phải thấyy,0
Phim gì bệnh hoạn dữ,1
bệnh hoạn,0
Hôm nay đen rồi,0
Tran Duy Khanh xem mà cứ cuốn cuốn,0
Thanh Thành Minh Thiện Võ Minh Tâm có thằng nào thử chưa v,0
Nguyễn Minh Châu phim hay,0
Cái con cạc gì vậyyyyyy... 😑,0
Peach Huy má làm phim kiểu đ gì v tr =)),0
"Coi tu nhien n""ng k biết có s k Minh Thư",0
Trường Duy ae ko hà,0
Phạm Hoàng Thái nhà cúp nc r mai qua nhà tắm ké dc k,0
Mẹ vãi lồn Quang Nguyễn Anh Vuong Trần An @,0
Vãi pịa,1
Cứu t m ơi Nguyễn Nhi,1
Bình Thuận muốn gì nói luôn,0
Vl phần tiếp theo đâu,0
Đức Hùng thế mà kh biết ăn ổi à,0
Hảo Nguyễn thẳng này c 🙂,0
Làm ba cái phim chắc thằng đạo diễn nó thế,0
 Nắng Cực,0
 hên hồi đó ko thử ko chắc ghiền :))),0
 bọn này điên mẹ r,1
2 tg đực à...trời má lạ lùng vậy 😳😳😳,0
Kiệt Nguyễn Trần Dũng 2 thk bây à,0
Việt Hà Thái Hiếu Thái Hoài Thu Nguyễn Thị Trà Ly sướng,0
Xem phim xex lịch sự hơn 😔,1
phim lol,0
Gay cấn thật,1
Kiếm mà chém vào nhau thì nó mẻ hết,0
Cái thoại cứng đơ z á he,0
hên tôi với bạn ngày đó kh thử,0
 muốn gì cơ??,0
=)))) cũm hay hay ta ,1
T mù mẹ mắt r mày phải mù vs t,1
Bỏm con mắt t 👁👁 ai lấy cây kim chọc con mắt t coi 👁,0
 e xem a cũng ph xem,0
t thấy m cx ph thấy,0
Lmj khó coi v tr,0
má nó,0
Phim hay,0
hình phạt không ngủ sớm của tao đây sao trời,0
xin lỗi lỡ thấy,0
thẳng thắn v bar,0
Cảm thấy ngứa ngứa trong người quá ta .  Có lẽ nào😭,0
Khánh Hân nắng khuya hay nứng khuya,1
Đéo gì vậy,0
Hay vãi cô ơi coi này nè,0
Âu sít,0
Thành m trốn học đi đóng phim bao giờ v,0
Phim này làm hỏng hết thế hệ trẻ,0
xàm l,1
 j vậy bà,1
 e kb tag ai nên a coi chung nha,0
 say gét VN á m =))),0
 ng nam kì coi cái này thiệt hả,0
 vợ ơii👉🏻👈🏻,0
  lậm á,1
 nhưng t lỡ yêu m r t kbt lsao để dừng lại,0
Phim súc vật,0
DCM gay,1
Chĩh lắm v kk,1
Má. Câu đầu tiên nó chân thật gì đâu.,0
gay,0
Mù mẹ con mắt 😵‍💫,0
Nói tinh trùng khuyết tật thì tự ái dẫy lên hẹ hẹ 😀,0
ôi con mắt tao gì v 2 cha nội,1
 xem xong sốc=)),0
cứng rồi,0
Dâm nha,1
ê coi đi má,0
có lẽ nào ae mình ở lâu quá cái:))),1
thử 1 lần xem có ghiền ko a =)),0
Ditmephim,0
 t coi bây cx phải coi,0
trời ơi đm,0
má dag xem gì v,0
tui ở iu anh đó r giờ làm sao đây 🤣,0
kinh tởm,0
này đúng kiểu pháp 🤣🤣,1
Phí mẹ tiền mạng tháng này,0
anh ơi,1
Kinh vl,0
nhà e bị cúp nưỡ,0
anh xem em cũng phải xem,0
phim sex bạn ơi,0
Tởm vc,0
Có luôn hả :((,0
thật hả ???,1
càng coi càng cuốn 🤨,0
nhà bị cắt nước mấy hôm rồi ?,0
 nhớ coi hết phim,0
 😂😂 bựa chó vl,1
súng bên súng đầu sát bên đầu à?,0
tốn tiền mạng,0
Mẹo đấu kiếm à,0
 kk,0
tui thấy mấy bồ cũng phải thấy,0
em thấy chị cũng phải,1
tục quá k ạ ,0
cho tắm nhờ phát,0
 đụ má đập vào mắt,1
Bạn mà đj.t nhau🙄🙄,0
phim hay nè :)),0
 nói thẳng v luôn hả,0
Vãi loz thật,0
2 ảnh thẳng thắn quá🥰,0
ht cứu,1
 hay,1
Thu Hiền rcm cho mày,0
 chắc A Pink thử vs Cạnh Thu r quá,0
Đau đít giữ trời,1
 t thấy tụi m cũng ph thấy,0
Xin tên dùm ,0
trtr duma đang coi cai gi dị,0
Mắc ói,0
T cũng xui dữ lắm ms lướt ngay fim.này,0
Đéo hiểu sao mấy cái phim dị hợm này đc đăng chiếu !! Ảnh hưởng tâm sinh lí cả 1 thế hệ sau này,0
 t thấy thì tụi m cũng sẽ có phần,0
Phắc boi mà còn gay nữa e Trần Hồng Huy Hoàng,0
 coi nè,1
 đéo mẹ chứ,0
 vô Phước lướt trúng :)),0
 muốn gì cơ???,1
 đây là em hoàng béo,0
2 anh sao ko kèn sáo trúc hòa tấu tiếng rên thiên nhiên lại xàng cuốn,1
 tui coi mấy ông cũng phải coi,0
 2 đứa nó đó ,1
"Mất 2p tiền mạng ... :""<",0
Lồn jz?,0
kinh vl,0
Tục vcl :)),0
 xem đi,0
vl :))) t đi đọc đam còn hơn,0
m hát cái bài gì t quên rồi :),0
 cdm tục vãi🤣,1
Chọc lỗ dậu ra toàn pate,1
Tuanh cgi ne Cún:),1
 tao thấy m cũng phải thấy,0
2ảnh bạo,1
 tao thấy mày cũng phải thấy,0
tắm ké ko ,1
 dịu,1
cái lồn má,0
mé hoài niệm quá khoaaa,0
Nứng khuya,0
đỉ mẹ :))))) ,0
gạch cua k,0
t đang coi gì dậy,0
mắc cỡ quá gái,1
 em oi coi ne,0
Đầu ti kứt không !,1
"Đời đàn ông kiếm chỉ nhuốm máu_x000D_
2 ông này lại chọn kiếm dính cưt",1
Tục vcl :))),0
phim heo giờ lộ liễu quá,0
Đm lại còn ăn chuối :),0
hình phạt của kẻ thức khuya=)),0
cho em xem ké :))),1
Chịu thua,1
Sao lướt thấy nó nhứt nhứt cái đầu,1
 t xem m cx ph xem thg L ạ,0
coi giải trí sau giờ làm việc mệt mỏi đi bồ,1
2 anh thử đi,0
Cỡ này hé ,0
=]] gioobgs toni và lê bải,0
Văn Thuận làm gì  vậy a giống anh làm em quá dị,0
Nguyệt ViGiai Tuệ ý là tui mới mở cái phở bò😭,0
 m qua nhà t nhiều vào sẽ ntn đấy,0
 tối sợ mơ thấy ghê,0
Hữu Bảo thử i,0
 thẩm,0
vãi lozz,0
vãi lon,0
 từ thẳng thành cong:)),0
Cai lon ma,0
 oi gioi oi,0
ông nội ơi...,0
 muốn cứ nói nhá,1
Phim éo j z,1
 XẠO XẠO ...,0
cho t tắm ké dc ko,1
Tao đang xem cái gì z ?,0
Tởm,0
Đjt cho đã xong nói chỉ coi là bạn🥲,0
sao con làm,1
Luân Phạm cái lề j thốn,0
Cái gì v,0
Vai gãy 💀,0
 muon thi noi,0
us be like,1
2 a e đau đít chấm com à :))),0
ủa sao coi BL Trung Hàn Thái Nhật nó bth lắm mà ta,1
pro😐😐👍,1
Pha Quế thử 1 lần,1
 gay cấn vãi,0
Phim đồi trụy ô nhiễm môi trường quá,0
Viet nam minh gio thik may cai the loai bien thai nay,0
Tởm dái,0
tui thấy mấy ní cũng nên thấy🤣,0
Chịch tét cái lỗ đít r nói t với m chỉ là bạn thôi...🤣🤣🤣,0
tụi m,1
Có vợ con rồi mà sao cứ gặp mấy clip này ta,0
lòng tôi tan nát khi nhận ra tôi là gay,0
 bạo,1
 xạo xạo,0
Gia Mẫn tao thấy nên mày cũng phải thấy,1
cặc,0
t đi xem của bọn da đen còn hay hơn😭,0
ditme phim,0
má,0
a nhắc em !,0
chúc hai bạn xem phim vv,0
t thấy m cũng phải thấy,1
Bộ phim bệnh hoạn nhất mà tao từng lướt qua..vô phước mới lướt trúng,0
má,1
bạo quá,0
Xin tên phim,0
mắt tao,0
Hết phước mới thấy được video này,0
say ghét,0
bựa,0
vcl phim,0
em thấy c cũng ph thấy,0
tắm ké đi,0
L mẹ cái gì hiện ở fb t thế này?,0
deomenochu,1
nhà tui cúp nước,0
tôi bị,1
ấu xịt,0
gay go thật đí:))),0
cuốn vc,1
Ông đạo diễn tên j vậy nm,1
Phim như l del hiểu sao hồi nhỏ xem cho được,0
tui bị cúp nước ô ơi,0
Lỡ yêu rồi. Làm sao đey? 😔,0
it me,1
Nổi hết ra gà,1
"Phim như này mà ko cấm chiếu sao??_x000D_
Làm lệch lạc hết hệ tư tưởng của giới trẻ",0
anh ba còn cứu đc kh,1
 mù,0
cmm fim như cc,0
ê nha má,1
t thấy m cũng phải thấy,0
nhãi nhồn :),0
 phim gay vn,0
vl,0
cái duma,1
đam mỹ của chị,0
"đụ má đéo hiểu sao việt nam có thể phát sóng được bộ phim này _x000D_
gớm chó",0
Nguyễn Khoa Minh Đức Le Dat bam báp,0
Khờ ghê im im là được thử tiếp rồi :))),1
đạ mú,0
coi mà học hỏi nha bạn,1
Nửa nạt nửa mỡ bóng xà bang 🥶,1
chịu,0
thử tí k em? 💀,1
xem ik,0
cái địt địt địt mẹ tốn tiền wifi,0
ghiền luôn,1
 ?? facebook ??,0
Phim như l,1
 đúng là gay cấn thiệt,0
nhà tao bị cúp nước rồi tao sang nhà mày tắm ké nhé,0
Cuối cùng nguyên đám diễn viên đứa vibe thẳng nhất thì gay nhất. Còn lại mấy đứa vibe gay lại toàn trai thẳng 🤨,0
xemm đuyyy,1
Oeoo ôi,0
Đạt Nguyễn cho t qua nhà m tắm nha:<,0
Toàn lũ bệnh hoạn.,1
ê chubin hả thấy giống v,1
lồn má đứa nào đăng clip này,0
đã hen,0
gái xinh vú to đ’ thích toàn thích con c*c gì đâu kh,0
Chúng mày ko chơi chúng mày ko biết được đâu. 🤷,0
?,0
:))),1
ừ,0
à..,1
:)))?,0
ê🥰🥰,1
voãi c,0
Mất Tk Nữa,0
 đã 🤣🤣,0
:)),0
((((((((((((=,0
=)))))))))),0
:)),0
Bảo sao bị kì thị,1
phim gay cấn,0
Vô phúc ghê,0
biết v xem jack họp báo :))),0
phôn lìm cmm,0
say géc,0
gay cấn quá,0
vãi l ,0
vcl,1
ccjz,0
 cm à ????,0
Lồn nam đéo ra nam nữ đéo ra nữ:)) bọn m chết cụ đi tởm vcl,1
What the....,1
vcl,1
Wtf ts man =)),1
Gay cấn nhể :))),1
Saygay,1
Clm =))),0
wtf,1
real hả,0
hề😭,1
clgv,0
vc,1
Say gec,0
eooooo,1
Gay to :))),1
Seygech,0
 k nêl,0
gay can,1
Jztr 🥲🥲,1
Qq,1
clm,0
 dcu gay to:)),1
 dm^^,1
vcl,0
cl jz,0
Gay,0
ỏooooo 🥰,1
 tò mò ghê…,1
" muon t chich thi noi me no di"" 😊🙏🏻",1
tởm thiệt,1
troi ơi má nó có luôn,1
 thấy cx hay,1
 lời lẽ như thật.coi thích,0
 nữ ko ra nữ gớm bỏ ek,0
 kho biet bao nguoi,0
show bướm đi em,0
show vu di em,1
còn có máu cỡ nào bỏ cũng ko hết máu,0
 m coi đi rồi giống t cho bằng bạn bằng bè 🥺,1
kiểu lươn chê lịch con nào cũng nhớt như nhau,0
 tao ỉa,0
hết nói nổi,1
dị ứng,0
"Cố gắng nhưng mà ăn lẩu , ăn đồ nướng thì cũng ko khá đc đâu",1
Có cố gắng nhưng không đáng kể,1
"Cố gắng buổi sáng buổi tối lẩu đồ nướng trà sữa...,",0
Tập gym chỉ là phụ còn ăn uống chiếm 8-90% r,0
"Sau 1 tuần tập gym
Trà Bông đã giảm được 7 ngày",0
Nhìn éo khác gì lúc đầu,0
Đừng ăn phòng gym😭😭😭,0
"Tính ra vẫn có tinh thần để giảm cân mà, vậy cũng tốt rồi có còn hơn không",0
make up làm gì đi tập ra mồ hôi lớp make nó chảy ra dơ mà bí da nữa,0
sợ nhai luôn cục tạ😭,0
"""lá chuối xanh gói đòn bánh tét 
ăn như sấm sét mà đòi giảm cân""",0
Trà bông book bài à :))))),0
_xDD70__xD83E_t toxic vì bả là trà xanh chứ cơ thể ngta t ko care,0
Cô ấy đến phòng gym và thứ cô ấy ghét nhất là tập kháng lực và cardio,1
Khả lăng béo hơn lúc đầu,1
1 bữa ăn của cô ấy có thể nuôi cả làng tôi trong 5 tháng,0
Cơ địa nó mỡ nên chỉ cần chăm chỉ là dễ xuống.,0
Khoá mồm là cách xuống cân nhanh nhất 😆,1
xíu nữa mệt quá ăn luôn cục tạ😭,0
coi chừng nó ăn cả phòng tập :)))),0
S doraemon ko tự xài bảo bối của mình đi,0
Tập phải bóp mồm bóp miệng lại. Chứ tập mà ăn là nó lại tăng thêm đó,0
"Đốt mỡ thì ít mà nạp calo thì nhiều, thế thì bỏ :)))",1
Coi chừng ăn luôn cái phòng gym,1
giảm được mấy quả tạ trong phòng gym,0
Trà bông còn có vụ trà xanh đó không phải mỗi vụ này mà người ta toxic đâu,0
Sau 1 tháng cô ấy đã giảm đc 31 ngày 🗿👍,1
"Tới lúc tẩy trắng đó😂 Công thức quen thuộc, tạo drama để nổi xong tẩy trắng r tham gia showbiz",1
Hội chuppy bị cảm thấy phản bội.,0
í là tiểu tam í,0
"=)) ngt giảm ăn ht + với tập gym, cái này là gì, làm màu à",0
"Ngta ghét là vì là trà xanh, chứ phải ghét vì body hay gì à.",1
vừa tập vừa giảm khẩu phần ăn chứ sáng tập tối lẩu + trà sữa thì chịu :),0
Trà xanh rồi thì khỏi có support gì hết :))),0
Video này Không khác nào vã vào mặt mấy con đớp cho cố rồi mập xong bảo chuppy đâu,0
"Tập chỉ là phụ , ăn uống mới là chính",0
Tập được 1 ngày ăn luôn cả tạ,0
chị ơi coi sập phòng gym ng ta🐧,0
Vẫn béll :)),0
=)))) tập gym thì tập chiếm 20% còn ăn uống chế độ chiếm 80% mà tập xong nạp còn nhiều hơn tập thì...,0
Tập xong ra uống hai cốc trà sữa 🤦,0
gọn hơn tht mà😇,0
Triệu hạt mưa ￼,0
c ấy trả ad bao nhiêu xiền để lên bài v ạ,0
Tập x10 thì ăn vô x100 😂🗿,1
"T k ns gì hết cái mồm của nta thì nta ăn nta vẫn tập mà, nhưng mà ăn bận đàng qàng đc k 🙂 ăn mặc kì cục",1
Điều quan trọng là bả péo áp,1
Clip nặng quá mạng tui ko load nổi,0
Khog thấy 1 giọt mồ hôi🙏🤗🐖,0
Kệ mẹ trà bông .,0
"Tập giảm 1000 calo, xong nạp 10000 calo 😂",0
Ủa Yan t tưởng m là ng bầy đầu 😓,0
Hình đoạn đầu mỡ xệ vc đoạn sau trông vuông+to tròn cảm giác còn to hơn ban đầu dell hiểu tập cái gì=)),0
Vừa béo vừa xấu vừa tiểu tam thì chấp nhận cái con mẹ gì. Béo phì thì nhận béo phì đ ai ác cả đâu sự thật thì nhận :))),0
T có câu hỏi sao phải đeo 2 kính😂,0
"Ko cần nỗ lực tự sụt đây ai lấy vía ko, mai đi khám bv K khám đây sợ quá",0
Giảm 10 cân ăn 1000000000000000000000000000000cân 🤡,0
Ăn thế kia có tập cả ngày cũng k lại được 😂,0
Ăn như sấm sét mà đòi giảm cân 🤣,0
An có sức giảm cân 🤣,0
Tập 10p nghỉ 30p,1
Hi vọng ko đói quá ăn luôn cả phòng gym =))))),1
Hóc nhìu hơn tập thì vẫn v :),0
Chả quan tâm😒,0
Cô ấy hốc lun mỡ của 9 mình và khiến mỡ của mình biến mất nên ăn mừng vì giảm dc kí 😭🤡🤡,1
ghét nhất bọn bắc kỳ,1
bt sao để nhạc doraemon ròi,1
Cẩn thận cổ ăn luôn phòng tạ,0
Đớp ít thôi 😂,0
khác moẹ gì nhau ??😌,1
Không toxic vóc dáng bả nhưng t ghét bả làm trà xanh thôi,1
Có j gặp mình nhaa,0
Ăn cả phòng Gym🐧,1
Trước thì chỉ mập thôi nhưng bây giờ vừa ăn vừa tập thì sẽ có 1 chiếc eo 6 múi đc bọc bởi 1 lớp mỡ dày 😅,1
Làm bòng phuồng như t đi giảm hơn gym luôn 🤡🤡,0
"Sao t k thấy t nào 
Phải làm ngay quả lọ
Hữu duyên bl các kiểu z",1
Giảm 1 ăn 10,1
Đúng là giảm đáng kể thấy bảo giảm hẳn 2 lạng 🥲,1
Chỉ có 1 câu hỏi là tại sao lại đeo 2 cặp kính 1 lúc 😂,0
Sẽ không còn ai bị ăn 🗿,0
Giảm đc 1kg thì thưởng cho mình 30kg thịt,1
Giảm cân nhanh quá thì lại thừa da,0
Tập mà ăn thế thì dẹp mẹ di:)),0
Hy sinh một người để cứu cả nạn đói 1945,0
Bb3 tẩy trắng nhanh vậy😂,0
Sỉ nhục cái danh tiếng của chuppy,0
"T tưởng đoạn đầu là đc giảm chứ,à mà có khác j đâu",0
Phái chuppy mà,0
e sao ko toát mồ hôi v,0
Có khi nào chúng ta sẽ có 2 step a head Việt Nam :)))),0
Đớp ít thôi,1
Bà này ăn chắc thua mỗi oguri cap ✌️,1
"Bả hồi còn gầy trông xinh lắm bây ơi, đừng toxic quá tội nghiệp người ta",0
"Tập  luyện đc 20% giảm cân thôi,chế độ ăn mới 80%🤣",0
Nhớ nhé ae,0
Công nhận kết quả ngt đi mà tr,0
Nhìn nó dơ gi đâu,0
"Giảm cân vào, nhìn xúc phạm người nhìn quá",0
T mong sẽ k ai bị ăn cả💀,1
Nhái người ta mà,1
Mấy năm nx vẫn thấy thế tập xong đớp vẫn béo,0
Trà xanh xấu nhất lịch sử,0
Con vợ sắp húp cả hồ gươm,0
Gặp chung loài tối ngày khen xinh xắn mũm mỉm chuppy thì tới mua quýt chưa giảm nỗi 100g 🤣,0
ăn thì như sấm sét giảm đc nhiêu thì chạ nói toàn kêu giảm =)))),1
Thế là tốt rồi cái đường đi nó không bị đau nữa,1
Phải bị nhiệt lưỡi một tuần 7 ngày như t là giảm cân nhanh lắm. Miệng đau éo ăn nổi,1
Lần đầu thấy page này sạch,0
Tính ra nó vẫn tự tin hơn teo,0
Giảm thêm 1 tạ nữa là vừa rồi.,1
Vào phòng gym ăn tạ à ?,1
Tí nổ máy nè,0
Cho qua Campuchia là giảm cân được à,1
Khác cái cc,1
Khác gì,1
Nó rạn ngang với t đẻ 2 đứa bây ơi bây😬,0
Đệ của Avocado Nikovado đấy,0
Con đườnng giảm cân nhanh nhất là ăn ít thôi 🤣,0
Tập 1 an 9,1
Trần Nhung này là ai bú cổ hay ngứa cổ =))),0
Hên bã tập nên bã mới giữ dc tướng v chứ k phì ra r,0
Trà bông trả bao nhiêu để bết đăng bài này =)))),1
Tập một buổi ăn sập chục quán,0
Phương Thảo đấy bà trà bông còn giảm đc thì ce mình ra cái giề 🥰🥰🥰,0
Thật ra mấy video này quay 2 3 năm trc. Bả làm khảo sát cộng đồng mạng thôi:))),0
Trà bông đi tập thì phải có người trông không sểnh ra cái lại nuốt mất quả tạ thì toang,0
Anh em rút quân nhé✌🏻,0
Eo thấy thằng nào hữu duyên nhờ,0
Nhiều ng toxic c ấy ý thì e có suy nghĩ rằng là ví dụ c ấy vẫn đi tập nhưng kh quay chỉ quay cảnh đi ăn đăng lên xong bị chỉ trích và toxic ý,0
Cố gắng là ko mặc hở nữa nên nó k phòi ra thôi,0
Đốt đc bao nhiêu về nàh ăn nạp hơn bấy nhiêu😆,0
đang cut tự nhiên buc đơ tht,0
Có vẻ thích màu trà xanh,0
"Sáng đi tập tối đớp lẩu ,đồ nướng , trà sữa 🙂",1
"Ít ra bà này béo mà được ăn ngon , tui béo mà toàn ăn khổ",0
đỡ hơn lúc đầu nhg ko đáng kể,1
Ủa t thấy cx vậy mà :)),0
Hốc ít thôi,0
"Ủa sao t thấy k khác gì nhỉ :)) t cũng đang giảm cân mà 1 tháng t xuống 10kg luôn, chế độ ăn khắt khe, tập 2 tiếng 1 ngày luôn, nhìn khác hẳn ấy chứ đây thấy vẫn vậy, xong mng còn bảo vẫn ăn lẩu nướng thì t chịu, t 2 tháng nay k ăn 1 hạt cơm :)))))",0
Có khác con mẹ gì đâu. Chắc tui khó tính quá. Hài,0
Nói mấy câu gây tranh cãi xong rồi làm mấy trò thay đổi nhìn có khác gì nờ ô nô mấy năm trc đâu,0
K chừng giống ông nào đó đi trc 2 bước:)),0
Trà bông ăn cả thế giới,0
Khác đ gì đâu mà đòi công nhận,0
Bulking hơi sâu mn thông cảm,0
Anh PT chắc cũng ngại ngang,1
Giảm tận 9lạng,0
Công thức cả thôi. Cố tạo ra phốt cho thiên hạ họ chửi rồi bắt đầu thay đổi để nhận sự thương cảm 🤣🤣🤣.,1
cũng có cố gắng nhưng là cố gắng ăn,0
Tài Nguyễn không hiểu page đăng mấy cái kiểu người này để làm gì nữa??,0
Đứng gần bả thì coi chừng thời gian bị chậm lại,1
I chang Cục xà bông mới mua,1
"=)))) nhiều bạn bị dắt ha, nó làm mọi người toxic nó lúc đầu để có fame , sau đó tập luyện tiếp để được yêu thương, rồi nổi tiếng chứ hay ho cđj",0
"thương ngày ăn 10, tập gym ăn 100",0
Sau 1 năm đã giảm được 365 ngày :)),0
Đi trc 2 bước à :(),0
Trà Bông dọa ăn gia đình page này à ToT,0
cố thì ăn vừa thôi,0
Sau 1 năm cô ấy giảm được 12 tháng 🗿,0
Ủa có đeo chi tận 2 cái kính ta 🤧,0
"Mấy đứa k tập gym bt j
Ngt dg bulking đó🐧🙏🏻",0
nhìn như mọi,0
đen như mọi,0
Namkiki đâu ra gặp t,0
Nói parky tự ái liền,0
Đúng mấy thằng namkiki. Cứ trửi parky trong khi ý thức có hơn đâu,0
parky cayyy,0
namkiki phèn,0
namkiki,0
namki cay roi,1
Bắn chết những con chó Hà Nội và Sơn Tây,1
"vãi, giờ bọn bắc kỳ còn nhận nó là da trắng cao quý bị áp bức bởi bọn da đen miền nam nhà quê. Chịu",1
Bọn parky thích ăn đồ của tung của nhỉ,1
"Parky gia trưỏg, lươn lẹo, kiêu ngạo, độc đoán, tự coi mình là nhất, bĩu môi dè bỉu, thái độ khinh bỉ, gian xảo, lửa lọc...ko tự nhiên mà bị ghét",1
"parky con đúng kh, cút xuống bếp ăn
cá rô cây lẹ",1
Parky ăn cá rô cây rau má,1
parky là động vật hả mn,1
Ở đâu cũng có ng tốt và người PARKY,1
parky ngáongao nói chuyện 1mink z,1
Ô ô parky,1
parky đi đến đâu bị ghét đến đó,1
"Hoa Thanh Quế đi đâu cũng bị ghét nhỉ =)) thêm vụ 36 sh nữ giáo viên bên Nhật nữa

",1
"Thanh Hoá lên Hà Nội đông vcl, tệ nạn nhiều một phần cũng do bọn đấy cả",1
Ở đâu cũng có người tốt và ng thanh hoá,1
"Hồi xưa người ta đã có câu ""Dân Thanh Hóa ăn rau má phá đường rày""",1
"Mày chưa nghe câu tục ngữ ngàn đời này của các cụ để lại à: “Chơi với dân Thanh, chiếu manh chẳng còn”



",1
"công nhận nh gì thớt nói vì t cx 36, may mắn t chơi với số ít người tốt nên t ko quan tâm số còn lại lắm

",1
"Bắc kỳ thì mấy vụ này có gì mà lạ



",1
"36-37-38 chúa điếm thúi :)) ko vơ đũa nhưng nói đa số



",1
"Chắc số tôi hên nên gặp người thanh hoá thì ai cũng tốt cả( hoặc là tiếp xúc chưa đủ lâu)

",1
"Ai nói kỳ thị thì kỳ thị chứ tôi dân Băc- sinh ra ở Hn thì hơi ngại tiếp xúc với dân vùng 36 37 38 nhé các bác; họ tính toán thủ đoạn kinh vl, chơi hay làm ăn với họ lúc nào cũng lo nơm nớp.",1
"Quan điểm duy nhất của t về Thanh Hoá là nem chua ngon

",1
"Trời ơi thím, sao lại hỏi em câu khó thế này! Em chỉ là robo mặt lợn, chuyên trà đá vỉa hè chứ không phải chuyên gia địa lý hay nhà nhân chủng học đâu ạ! Chắc tại Thanh Hóa có nhiều thứ ngon, dân tình lại dễ thương nên người ta mới viết về họ chứ sao nữa. Hay là...thím muốn em kể chuyện tiếu lâm về người Thanh Hóa? Em kể được đấy, nhưng mà em sợ kể xong thím lại bảo em ""quê mùa"" thì khổ lắm! 😅

",0
"tau 36 nhè mi,tau còn không ưa nổi tính nóng tính như lava của người quê tau

",1
"Ở đâu cũng có ng này ng kia. Khác nhau ở cái tỉ lệ tạo thương hiệu thôi. Thương hiệu xấu tức là tỉ lệ sống lỗi nhiều.

",0
Chúc 2 vợ chồng sớm sinh quý tử.,0
Nhìn vào là muốn ói,1
có thể với xh ai cũng nói ra nói vào những bản thân họ thấy hạnh phúc là đc rồi,0
Chúc hai người song kiếm hợp bích 😂,0
"Chúc chú với anh , trăm năm hạnh phúc 😁",1
"Hai thằng phê đê, nhìn nổi da gà",0
Nhìn cô dâu nhớ tới phân đoạn của Ánh Dung ( Hải Triều ) trong Mang Mẹ Đi Bỏ 😆😆😆 vừa hài vừa dễ thương,1
Tui đề nghị cô dâu trang điểm lenh nha…,1
Nhìn vợ hết muốn động phòng luôn 🙄,0
"Mình may mắng hoàn hảo, xin đừng cười chê ai",0
Thôi bất hạnh của gia đình,0
Nầu nào úp dung náy chứ máy cha máy mẹ chê quá,1
Nhìn óc ác nôi cuc cuc,0
Quay chi 2 thằng đàn ông này ít vêu lắm Ngôn ơi nên quay những hoàn cảnh khó khăn còn rất nhiều,1
Hình như xăng pha nhớt sao vậy,0
Chris Ton this could be us?,0
Chúc mừng Nhân Trần,1
Hai thang. Dn ong,0
Tương lai mịt mờ vì làm sai quy luật của Đấng Tạo Hóa,0
Chúc 2 bạn hạnh phúc,0
Chúc 2 anh ấp trứng nhanh nở nhé.,1
Chúc mừng thôi nôi,0
Hình như thấy nó sai sai ở đâu á ta🙄,1
Riết rồi loạn hết rồi,0
Chúc 2 zk ck con đàn cháu đống,0
Nhìn cô dâu giống a Loan Công Lễ không Thanh Tùng,0
Chúc anh chị sớm sanh quý tử,0
Cảm ơn cha mẹ,0
Chúc 2 ban Thông duyt vv,1
Ối dồi ôi nổ não rồi,0
Chúc vợ chồng mau mau có em bé bồng nha,0
"Thang l nay ko có cái để đăng, đưa toàn thu j đâu len làm lờ j",0
Xin bái phục..mọi thứ xh thật mông lung,0
Này bố con giỡn với nhau hsao mà😂😂😂,0
Lòi búi trĩ,0
Tổ cha nó 2 yêu quái,0
2 vk ck lực vl,1
Aries Nguyễn sao nó có hình 2 đứa mình,0
Nhìn vợ như biến thái ý,0
Về thoi lỗ đít à,1
Chịu chết,0
Hai thằng mà,0
Cười điên,1
Nhìn điệu vaĩ lộn,1
Con vợ gì cắt tóc như con điên vậy,1
Thôi xin,0
"Nhiều người ngoài kia ganh tỵ mún như anh chị cũng ko được, thôi thì chúc phúc anh chị trăm năm hp sớm có quý tử đầu lòng",1
não,1
Chúc 2 anh chị màu đẻ ra con từ trong bụng,0
Buồn nôn,0
Nhấy ông chú lấy đc vợ trẻ 🤭🤭🤭,0
Thứ cặn bã j đây,1
Bê đê,1
"Chúc mừng 2 bạn. Chúc 2 bạn 100 năm hp, con cháu đầy nhà.",0
Hỏi c xem chim to k,0
Chúc hai bạn có nửa thế kỷ hạnh phúc,0
BD gọi= cụ,0
Thằng nào hớt quả tóc cho ổng vậy 😂,0
Cô dâu chắc bê đê hoặc bị đaoe,0
Chúc 2 a sớm có cháu đầu lòng.,1
Cô dâu men lỳ quá,1
Đẳng cấp hơn con bố mẹ nó. Còn con người ngoài thì bố mẹ nó thua,0
Chồng đầu moi 😭,1
Chúc chú với anh sớm sinh quý tử nhé.,0
chúc mẹ tròn con vuông,1
cái đầu chú rể cắt ở đâu đẹp zữ vậy,0
Ngọc Hải xem mà học tập đi e ơi kkkk,1
chúc 2 bạn sớm sinh quý tử,0
Hoàng Vũ cứ yên tâm nha e,0
đại điện cho hãng thuốc chữa bệnh trĩ,0
Vãi l,0
Nhìn giống hai ông anh y,0
Con người càng ngày càng loạn thật rồi mô phật,0
Đưa tin ni lên làm gì cbo họ chửi trời thích câh like hà,0
Mong 2 ah sớm sinh quý tử.,0
vaiz Iồn,0
Vãi cả pịa,0
Chú rể và thằng dâu à,1
Đúng là sikibidi toi lét,1
Chúc 2 vch mau sinh quý tử,0
Sướng là được ✅,0
Chúc em và chú trăm năm hạnh phúc,0
hetcuulun,0
Tới cục pin thiệt 😁,1
Kết thúc của hai gia tộc,1
Song bich hop kiem ah,1
Cái mặt này mà 30 có ma3 lần 30 thì có,0
Phú Phan Phú,0
"Chúc 2 vợ chồng mau có em bé,mẹ tròn con vuông ba tam giác 😂",0
Tao lạy chúng mày 🤡,0
mấy page bẩn cứ câu tương tác cho người ta kỳ thị,0
Chúc sớm sinh quý tử,0
Hồng tỷ mà thấy chắc cụt nứng,1
Chú rể nhìn cô dâu sao gượng vậy ?,1
Chúc 2 bạn sớm sinh quý tử.😇😇,1
Đầu năm sinh con trai cuối năm sinh con gái ạ,0
Chúc studio làm ăn phát đạt,0
Ko biết ai là vợ ai là chồng nhỉ,0
con vk bel thế khéo sập giường,0
